*.anhngoc.vn,
*.asus.com,
*.cellphones.com.vn,
*.cps.onl,
*.dell.com,
*.didongviet.vn,
*.digiworld.com.vn,
*.fedex.com,
*.garmin.com,
*.haravan.com,
*.haraworks.vn,
*.hp.com,
*.huawei.com,
*.infinixmobility.com,
*.lehoangcctv.com,
*.lenovo.com,
*.live.com,
*.msn.com,
*.mi.com,
*.oppo.com,
*.powerbi.com,
*.realme.com,
*.samsung.com,
*.thegioididong.com,
*.vivo.com,
*.lazada.vn,
https://accounts.coccoc.com,
https://accounts.google.com,
https://analytics.google.com,
https://anhngoc.vn,
https://asus.com,
https://calendar.google.com,
https://cellphones.com.vn,
https://cps.onl,
https://coccoc.com,
https://coccoc.com.vn,
https://dell.com,
https://didongviet.vn,
https://digiworld.com.vn,
https://docs.google.com,
https://drive.google.com,
https://f18-zpc.zdn.vn,
https://forms.gle,
https://fedex.com,
https://fptservices.com.vn,
https://garmin.com,
https://google.com,
https://google.com.vn,
https://google.gg,
https://haravan.com,
https://haraworks.vn,
https://hikvision.vn,
https://hp.com,
https://huawei.com,
https://ica.palexy.com,
https://infinixmobility.com,
https://lazada.vn,
https://lehoangcctv.com,
https://lenovo.com,
https://mail.google.com,
https://maps.google.com,
https://maps.google.gg,
https://maps.app.goo.gl,
https://meet.google.com,
https://mi.com,
https://mivietnam.vn,
https://myaccount.google.com,
https://oppo.com,
https://photos.google.com,
https://powerbi.com,
https://realme.com,
https://salework.net,
https://samsung.com,
https://sites.google.com,
https://spc.com.vn,
https://t.me,
https://telegram.org,
https://thegioididong.com,
https://translate.google.com,
https://vivo.com,
https://www.bing.com,
https://www.google.com,
https://www.google.com.vn,
https://www.google.gg,
https://www.google-analytics.com,
https://www.googletagmanager.com,
https://www.tecno-mobile.com,
https://zalo.me,
https://zalo.salework.net